﻿<?xml version="1.0" encoding="UTF-8" standalone="yes"?>
<addon id="animes.telecine.repository" name="Animes Telecine repository" version="0.0.2" provider-name="Nadajose">
	<extension point="xbmc.addon.repository" name="Animes Telecine Add-on Repository">
		<info compressed="false">http://raw.github.com/Nadajose/animes.telecine.repository/master/addons.xml</info>
		<checksum>http://raw.github.com/Nadajose/Nadajose-kodi-demo-repo/master/addons.xml.md5</checksum>
		<datadir zip="true">http://raw.github.com/Nadajose/animes.telecine.repository/master/repo/</datadir>
	</extension>
	<extension point="xbmc.addon.metadata">
		<summary>Animes Telecine Addon</summary>
		<description>Addon Description</description>
		<disclaimer></disclaimer>
		<platform>all</platform>
	</extension>
</addon>